<metadata xml:lang="en"><Esri><CreaDate>20130812</CreaDate><CreaTime>08185800</CreaTime><ArcGISFormat>1.0</ArcGISFormat><ArcGISstyle>FGDC CSDGM Metadata</ArcGISstyle><SyncOnce>FALSE</SyncOnce><scaleRange><minScale>150000000</minScale><maxScale>5000</maxScale></scaleRange><DataProperties><itemProps><imsContentType export="True">002</imsContentType><itemName Sync="TRUE">City_Points</itemName><nativeExtBox><westBL Sync="TRUE">3912231.991474</westBL><eastBL Sync="TRUE">5909644.492704</eastBL><southBL Sync="TRUE">3352804.241983</southBL><northBL Sync="TRUE">4295460.501680</northBL><exTypeCode Sync="TRUE">1</exTypeCode></nativeExtBox><itemLocation><linkage Sync="TRUE">file://\\kydevgisstor1\f$\dataupdates\City_Points.shp</linkage><protocol Sync="TRUE">Local Area Network</protocol></itemLocation><itemSize Sync="TRUE">0.000</itemSize></itemProps><coordRef><type Sync="TRUE">Projected</type><geogcsn Sync="TRUE">GCS_North_American_1983</geogcsn><csUnits Sync="TRUE">Linear Unit: Foot_US (0.304801)</csUnits><projcsn Sync="TRUE">NAD_1983_StatePlane_Kentucky_FIPS_1600_Feet</projcsn><peXml Sync="TRUE">&lt;ProjectedCoordinateSystem xsi:type='typens:ProjectedCoordinateSystem' xmlns:xsi='http://www.w3.org/2001/XMLSchema-instance' xmlns:xs='http://www.w3.org/2001/XMLSchema' xmlns:typens='http://www.esri.com/schemas/ArcGIS/10.1'&gt;&lt;WKT&gt;PROJCS[&amp;quot;NAD_1983_StatePlane_Kentucky_FIPS_1600_Feet&amp;quot;,GEOGCS[&amp;quot;GCS_North_American_1983&amp;quot;,DATUM[&amp;quot;D_North_American_1983&amp;quot;,SPHEROID[&amp;quot;GRS_1980&amp;quot;,6378137.0,298.257222101]],PRIMEM[&amp;quot;Greenwich&amp;quot;,0.0],UNIT[&amp;quot;Degree&amp;quot;,0.0174532925199433]],PROJECTION[&amp;quot;Lambert_Conformal_Conic&amp;quot;],PARAMETER[&amp;quot;False_Easting&amp;quot;,4921250.0],PARAMETER[&amp;quot;False_Northing&amp;quot;,3280833.333333333],PARAMETER[&amp;quot;Central_Meridian&amp;quot;,-85.75],PARAMETER[&amp;quot;Standard_Parallel_1&amp;quot;,37.08333333333334],PARAMETER[&amp;quot;Standard_Parallel_2&amp;quot;,38.66666666666666],PARAMETER[&amp;quot;Latitude_Of_Origin&amp;quot;,36.33333333333334],UNIT[&amp;quot;Foot_US&amp;quot;,0.3048006096012192],AUTHORITY[&amp;quot;EPSG&amp;quot;,3089]]&lt;/WKT&gt;&lt;XOrigin&gt;-117434800&lt;/XOrigin&gt;&lt;YOrigin&gt;-91579000&lt;/YOrigin&gt;&lt;XYScale&gt;36807330.96050825&lt;/XYScale&gt;&lt;ZOrigin&gt;-100000&lt;/ZOrigin&gt;&lt;ZScale&gt;10000&lt;/ZScale&gt;&lt;MOrigin&gt;-100000&lt;/MOrigin&gt;&lt;MScale&gt;10000&lt;/MScale&gt;&lt;XYTolerance&gt;0.0032808333333333331&lt;/XYTolerance&gt;&lt;ZTolerance&gt;0.001&lt;/ZTolerance&gt;&lt;MTolerance&gt;0.001&lt;/MTolerance&gt;&lt;HighPrecision&gt;true&lt;/HighPrecision&gt;&lt;WKID&gt;102763&lt;/WKID&gt;&lt;LatestWKID&gt;3089&lt;/LatestWKID&gt;&lt;/ProjectedCoordinateSystem&gt;</peXml></coordRef><lineage><Process ToolSource="c:\program files (x86)\arcgis\desktop10.1\ArcToolbox\Toolboxes\Conversion Tools.tbx\FeatureClassToFeatureClass" Date="20130815" Time="084212">FeatureClassToFeatureClass Y:\dataupdates\Cities.gdb\KYCities\City_Points Y:\dataupdates City_Points.shp # "Feature_ID "Feature_ID" true true false 4 Long 0 0 ,First,#,Y:\dataupdates\Cities.gdb\KYCities\City_Points,Feature_ID,-1,-1;FIPS "FIPS" true true false 10 Text 0 0 ,First,#,Y:\dataupdates\Cities.gdb\KYCities\City_Points,FIPS,-1,-1;CITY_FIPS "CITY_FIPS" true true false 7 Text 0 0 ,First,#,Y:\dataupdates\Cities.gdb\KYCities\City_Points,CITY_FIPS,-1,-1;NAME "NAME" true true false 64 Text 0 0 ,First,#,Y:\dataupdates\Cities.gdb\KYCities\City_Points,NAME,-1,-1;NAME2 "NAME2" true true false 64 Text 0 0 ,First,#,Y:\dataupdates\Cities.gdb\KYCities\City_Points,NAME2,-1,-1;CLASS "CITY_CLASS" true true false 50 Text 0 0 ,First,#,Y:\dataupdates\Cities.gdb\KYCities\City_Points,CLASS,-1,-1;INCORP "INCORP" true true false 10 Text 0 0 ,First,#,Y:\dataupdates\Cities.gdb\KYCities\City_Points,INCORP,-1,-1;EST "EST" true true false 10 Text 0 0 ,First,#,Y:\dataupdates\Cities.gdb\KYCities\City_Points,EST,-1,-1;MERGER "MERGER" true true false 10 Text 0 0 ,First,#,Y:\dataupdates\Cities.gdb\KYCities\City_Points,MERGER,-1,-1;CO_FIPS "CO_FIPS" true true false 3 Text 0 0 ,First,#,Y:\dataupdates\Cities.gdb\KYCities\City_Points,CO_FIPS,-1,-1;COUNTY "COUNTY" true true false 16 Text 0 0 ,First,#,Y:\dataupdates\Cities.gdb\KYCities\City_Points,COUNTY,-1,-1;COSEAT "COSEAT" true true false 3 Text 0 0 ,First,#,Y:\dataupdates\Cities.gdb\KYCities\City_Points,COSEAT,-1,-1;ELEV "ELEV" true true false 4 Long 0 0 ,First,#,Y:\dataupdates\Cities.gdb\KYCities\City_Points,ELEV,-1,-1;POP90 "POP90" true true false 4 Long 0 0 ,First,#,Y:\dataupdates\Cities.gdb\KYCities\City_Points,POP90,-1,-1;POP2000 "POP2000" true true false 4 Long 0 0 ,First,#,Y:\dataupdates\Cities.gdb\KYCities\City_Points,POP2000,-1,-1;POP2010 "POP2010" true true false 4 Long 0 0 ,First,#,Y:\dataupdates\Cities.gdb\KYCities\City_Points,POP2010,-1,-1;POP_EST "POP_EST" true true false 4 Long 0 0 ,First,#,Y:\dataupdates\Cities.gdb\KYCities\City_Points,POP_EST,-1,-1;POP_EST_YR "POP_EST_YR" true true false 4 Long 0 0 ,First,#,Y:\dataupdates\Cities.gdb\KYCities\City_Points,POP_EST_YR,-1,-1" #</Process></lineage></DataProperties><ArcGISProfile>FGDC</ArcGISProfile><ModDate>20130815</ModDate><ModTime>08421000</ModTime><SyncDate>20130815</SyncDate><SyncTime>08421000</SyncTime></Esri><dataIdInfo><idCitation xmlns=""><resTitle>City Point Locations in Kentucky</resTitle><date><createDate>2005-01-27T12:00:00</createDate><pubDate>2005-01-27T12:00:00</pubDate><reviseDate>2013-08-12T12:00:00</reviseDate></date><citRespParty xmlns=""><rpIndName>Kim Anness</rpIndName><rpOrgName>DGI</rpOrgName><rpPosName>GIS Programmer/Analyst</rpPosName><role><RoleCd value="006"/></role></citRespParty><citRespParty xmlns=""><rpIndName>Kim Anness</rpIndName><rpOrgName>DGI</rpOrgName><rpPosName>GIS Programmer/Analyst</rpPosName><role><RoleCd value="010"/></role><displayName>Kim Anness</displayName></citRespParty><presForm><PresFormCd value="005" Sync="TRUE"/></presForm></idCitation><idPurp>Suitable for cartographics and general location queries.</idPurp><idAbs>&lt;DIV STYLE="text-align:Left;"&gt;&lt;DIV&gt;&lt;DIV&gt;&lt;P&gt;&lt;SPAN&gt;This dataset contains a point location for each Incorporated City in the Commonwealth of Kentucky.&lt;/SPAN&gt;&lt;/P&gt;&lt;/DIV&gt;&lt;/DIV&gt;&lt;/DIV&gt;</idAbs><idCredit>Original dataset created by Natural Resources Cabinet. Data maintained by DGI. List of Active Cities and attributes provided by Secretary of State's Land Records Office. Population figures provided by US Census Bureau.</idCredit><searchKeys><keyword>boundaries</keyword><keyword>City</keyword><keyword>Cities.Municipal</keyword><keyword>Incorporated</keyword><keyword>urban</keyword><keyword>place</keyword><keyword>dgi</keyword><keyword>sos</keyword></searchKeys><resConst><Consts><useLimit>&lt;DIV STYLE="text-align:Left;"&gt;&lt;DIV&gt;&lt;DIV&gt;&lt;P&gt;&lt;SPAN&gt;None.&lt;/SPAN&gt;&lt;/P&gt;&lt;/DIV&gt;&lt;/DIV&gt;&lt;/DIV&gt;</useLimit></Consts></resConst><dataExt xmlns=""><geoEle xmlns=""><GeoBndBox><exTypeCode>1</exTypeCode><westBL>-89.704434</westBL><eastBL>-81.884235</eastBL><southBL>36.456976</southBL><northBL>39.151921</northBL></GeoBndBox></geoEle></dataExt><dataChar><CharSetCd value="004"/></dataChar><idStatus><ProgCd value="001"/></idStatus><resMaint xmlns=""><maintFreq><MaintFreqCd value="009"/></maintFreq></resMaint><envirDesc Sync="TRUE">Microsoft Windows 7 Version 6.1 (Build 7601) Service Pack 1; Esri ArcGIS 10.1.0.3035</envirDesc><dataLang><languageCode value="eng" Sync="TRUE"/><countryCode value="USA" Sync="TRUE"/></dataLang><spatRpType><SpatRepTypCd value="001" Sync="TRUE"/></spatRpType><dataExt><geoEle xmlns=""><GeoBndBox esriExtentType="search"><exTypeCode Sync="TRUE">1</exTypeCode><westBL Sync="TRUE">-89.304073</westBL><eastBL Sync="TRUE">-82.268502</eastBL><northBL Sync="TRUE">39.119650</northBL><southBL Sync="TRUE">36.480018</southBL></GeoBndBox></geoEle></dataExt><tpCat><TopicCatCd value="003"/></tpCat></dataIdInfo><distInfo xmlns=""><distTranOps xmlns=""><onLineSrc xmlns=""><linkage>ftp://ftp.kymartian.ky.gov/dgi/city_incpts.zip</linkage><orFunct><OnFunctCd value="001"/></orFunct></onLineSrc><transSize Sync="TRUE">0.000</transSize></distTranOps><distributor xmlns=""><distorCont xmlns=""><rpIndName>Kim Anness</rpIndName><rpOrgName>DGI</rpOrgName><rpPosName>GIS Programmer/Analyst</rpPosName><role><RoleCd value="010"/></role><displayName>Kim Anness</displayName><rpCntInfo xmlns=""><cntAddress addressType="both"><delPoint>100 Fair Oaks Lane</delPoint><city>Frankfort</city><adminArea>KY</adminArea><postCode>40601</postCode><eMailAdd>kimberly.anness@ky.gov</eMailAdd><country>US</country></cntAddress><cntPhone><voiceNum tddtty="">502-564-6264</voiceNum></cntPhone><cntHours>M-F 8:00 AM - 3:30 PM</cntHours><cntInstr>Call or email</cntInstr></rpCntInfo></distorCont></distributor><distFormat xmlns=""><formatName Sync="TRUE">Shapefile</formatName></distFormat></distInfo><mdContact xmlns=""><rpIndName>Kim Anness</rpIndName><rpOrgName>DGI</rpOrgName><rpPosName>GIS Programmer/Analyst</rpPosName><role><RoleCd value="010"/></role><displayName>Kim Anness</displayName><rpCntInfo xmlns=""><cntAddress addressType="both"><delPoint>100 Fair Oaks</delPoint><city>Frankfort</city><adminArea>Kentucky</adminArea><postCode>40601</postCode><eMailAdd>kimberly.anness@ky.gov</eMailAdd><country>US</country></cntAddress><cntPhone><voiceNum tddtty="">502-564-6264</voiceNum></cntPhone><cntHours>M-F 8:00AM - 3:30PM</cntHours><cntInstr>Call or email</cntInstr></rpCntInfo></mdContact><mdLang><languageCode value="eng" Sync="TRUE"/><countryCode value="USA" Sync="TRUE"/></mdLang><mdHrLv><ScopeCd value="005" Sync="TRUE"/></mdHrLv><mdHrLvName Sync="TRUE">dataset</mdHrLvName><refSysInfo><RefSystem><refSysID><identCode code="3089" Sync="TRUE" value="3089"/><idCodeSpace Sync="TRUE">EPSG</idCodeSpace><idVersion Sync="TRUE">7.9.4</idVersion></refSysID></RefSystem></refSysInfo><spatRepInfo><VectSpatRep><geometObjs Name="City_Points"><geoObjTyp><GeoObjTypCd value="004" Sync="TRUE"></GeoObjTypCd></geoObjTyp><geoObjCnt Sync="TRUE">0</geoObjCnt></geometObjs><topLvl><TopoLevCd value="001" Sync="TRUE"></TopoLevCd></topLvl></VectSpatRep></spatRepInfo><spdoinfo><ptvctinf><esriterm Name="City_Points"><efeatyp Sync="TRUE">Simple</efeatyp><efeageom code="1" Sync="TRUE"></efeageom><esritopo Sync="TRUE">FALSE</esritopo><efeacnt Sync="TRUE">0</efeacnt><spindex Sync="TRUE">FALSE</spindex><linrefer Sync="TRUE">FALSE</linrefer></esriterm></ptvctinf></spdoinfo><eainfo><detailed Name="City_Points" xmlns=""><enttyp><enttypl Sync="TRUE">City_Points</enttypl><enttypt Sync="TRUE">Feature Class</enttypt><enttypc Sync="TRUE">0</enttypc></enttyp><attr><attrlabl Sync="TRUE">FID</attrlabl><attalias Sync="TRUE">FID</attalias><attrtype Sync="TRUE">OID</attrtype><attwidth Sync="TRUE">4</attwidth><atprecis Sync="TRUE">0</atprecis><attscale Sync="TRUE">0</attscale><attrdef Sync="TRUE">Internal feature number.</attrdef><attrdefs Sync="TRUE">Esri</attrdefs><attrdomv><udom Sync="TRUE">Sequential unique whole numbers that are automatically generated.</udom></attrdomv></attr><attr xmlns=""><attrlabl Sync="TRUE">SHAPE</attrlabl><attalias Sync="TRUE">Shape</attalias><attrtype Sync="TRUE">Geometry</attrtype><attwidth Sync="TRUE">0</attwidth><atprecis Sync="TRUE">0</atprecis><attscale Sync="TRUE">0</attscale><attrdef Sync="TRUE">Feature geometry.</attrdef><attrdefs Sync="TRUE">Esri</attrdefs><attrdomv><udom Sync="TRUE">Coordinates defining the features.</udom></attrdomv></attr><attr xmlns=""><attrlabl Sync="TRUE">Feature_ID</attrlabl><attalias Sync="TRUE">Feature_ID</attalias><attrtype Sync="TRUE">Integer</attrtype><attwidth Sync="TRUE">9</attwidth><atprecis Sync="TRUE">9</atprecis><attscale Sync="TRUE">0</attscale><attrdef>The GNIS unique identifier of the feature associated with the place Census FIPS code.</attrdef><attrdefs>USGS</attrdefs></attr><attr xmlns=""><attrlabl Sync="TRUE">FIPS</attrlabl><attalias Sync="TRUE">FIPS</attalias><attrtype Sync="TRUE">String</attrtype><attwidth Sync="TRUE">10</attwidth><atprecis Sync="TRUE">0</atprecis><attscale Sync="TRUE">0</attscale><attrdef>A concatenation of the state FIPS, county FIPS, and localized city FIPS resulting in the following format: xxyyyzzzzz where xx = the state FIPS code for Kentucky (21), yyy = the localized county FIPS code, and zzzzz = the localized city FIPS code.</attrdef><attrdefs>US Census Bureau</attrdefs></attr><attr xmlns=""><attrlabl Sync="TRUE">CITY_FIPS</attrlabl><attalias Sync="TRUE">CITY_FIPS</attalias><attrtype Sync="TRUE">String</attrtype><attwidth Sync="TRUE">7</attwidth><atprecis Sync="TRUE">0</atprecis><attscale Sync="TRUE">0</attscale><attrdef>The FIPS code as utilized by the US Census Bureau, comprised by the state FIPS code and the localized city FIPS code.  the format is xxzzzzz as described above for the FIPS attribute.</attrdef><attrdefs>US Census Bureau</attrdefs></attr><attr xmlns=""><attrlabl Sync="TRUE">NAME</attrlabl><attalias Sync="TRUE">NAME</attalias><attrtype Sync="TRUE">String</attrtype><attwidth Sync="TRUE">64</attwidth><atprecis Sync="TRUE">0</atprecis><attscale Sync="TRUE">0</attscale><attrdef>The officially recognized name of the place, all upper case.</attrdef><attrdefs>Secretary of State</attrdefs></attr><attr xmlns=""><attrlabl Sync="TRUE">NAME2</attrlabl><attalias Sync="TRUE">NAME2</attalias><attrtype Sync="TRUE">String</attrtype><attwidth Sync="TRUE">64</attwidth><atprecis Sync="TRUE">0</atprecis><attscale Sync="TRUE">0</attscale><attrdef>The officially recognized name of the place as a proper case string.</attrdef><attrdefs>Secretary of State</attrdefs></attr><attr xmlns=""><attrlabl Sync="TRUE">CLASS</attrlabl><attalias Sync="TRUE">CLASS</attalias><attrtype Sync="TRUE">String</attrtype><attwidth Sync="TRUE">50</attwidth><atprecis Sync="TRUE">0</atprecis><attscale Sync="TRUE">0</attscale><attrdef>For incorporated cities this is the city class designation as specified by the legislature and provided by the Kentucky Secretary of State (KYSOS) office.  This value is NULL of unincorporated places.</attrdef><attrdefs>Secretary of State</attrdefs></attr><attr xmlns=""><attrlabl Sync="TRUE">INCORP</attrlabl><attalias Sync="TRUE">INCORP</attalias><attrtype Sync="TRUE">String</attrtype><attwidth Sync="TRUE">10</attwidth><atprecis Sync="TRUE">0</atprecis><attscale Sync="TRUE">0</attscale><attrdef>The date of incorporation for the City.</attrdef><attrdefs>Secretary of State</attrdefs></attr><attr xmlns=""><attrlabl Sync="TRUE">EST</attrlabl><attalias Sync="TRUE">EST</attalias><attrtype Sync="TRUE">String</attrtype><attwidth Sync="TRUE">10</attwidth><atprecis Sync="TRUE">0</atprecis><attscale Sync="TRUE">0</attscale><attrdef>The date of Establishment for the City.</attrdef><attrdefs>Secretary of State</attrdefs></attr><attr xmlns=""><attrlabl Sync="TRUE">MERGER</attrlabl><attalias Sync="TRUE">MERGER</attalias><attrtype Sync="TRUE">String</attrtype><attwidth Sync="TRUE">10</attwidth><atprecis Sync="TRUE">0</atprecis><attscale Sync="TRUE">0</attscale><attrdef>The Date of Merger for the City if applicable.</attrdef><attrdefs>Secretary of State</attrdefs></attr><attr xmlns=""><attrlabl Sync="TRUE">CO_FIPS</attrlabl><attalias Sync="TRUE">CO_FIPS</attalias><attrtype Sync="TRUE">String</attrtype><attwidth Sync="TRUE">3</attwidth><atprecis Sync="TRUE">0</atprecis><attscale Sync="TRUE">0</attscale><attrdef>The localized County FIPS code for the primary county in which the place is located.</attrdef><attrdefs>US Census Bureau</attrdefs></attr><attr xmlns=""><attrlabl Sync="TRUE">COUNTY</attrlabl><attalias Sync="TRUE">COUNTY</attalias><attrtype Sync="TRUE">String</attrtype><attwidth Sync="TRUE">16</attwidth><atprecis Sync="TRUE">0</atprecis><attscale Sync="TRUE">0</attscale><attrdef>The name of the primary county in which the place is located.</attrdef><attrdefs>Secretary of State</attrdefs></attr><attr xmlns=""><attrlabl Sync="TRUE">COSEAT</attrlabl><attalias Sync="TRUE">COSEAT</attalias><attrtype Sync="TRUE">String</attrtype><attwidth Sync="TRUE">3</attwidth><atprecis Sync="TRUE">0</atprecis><attscale Sync="TRUE">0</attscale><attrdef>Indicates via Yes or No whether the place is a county seat.</attrdef><attrdefs>Secretary of State</attrdefs></attr><attr xmlns=""><attrlabl Sync="TRUE">ELEV</attrlabl><attalias Sync="TRUE">ELEV</attalias><attrtype Sync="TRUE">Integer</attrtype><attwidth Sync="TRUE">9</attwidth><atprecis Sync="TRUE">9</atprecis><attscale Sync="TRUE">0</attscale><attrdef>he elevation in feet of the place associated with the GNIS Feature_ID.</attrdef><attrdefs>USGS</attrdefs></attr><attr xmlns=""><attrlabl Sync="TRUE">POP90</attrlabl><attalias Sync="TRUE">POP90</attalias><attrtype Sync="TRUE">Integer</attrtype><attwidth Sync="TRUE">9</attwidth><atprecis Sync="TRUE">9</atprecis><attscale Sync="TRUE">0</attscale><attrdef>The 1990 census population count as reported by the US Census Bureau in source table P0010001.  NULL values indicate that a population count was not established for a given place.</attrdef><attrdefs>US Census Bureau</attrdefs></attr><attr xmlns=""><attrlabl Sync="TRUE">POP2000</attrlabl><attalias Sync="TRUE">POP2000</attalias><attrtype Sync="TRUE">Integer</attrtype><attwidth Sync="TRUE">9</attwidth><atprecis Sync="TRUE">9</atprecis><attscale Sync="TRUE">0</attscale><attrdef>The 2000 census population count as reported by the US Census Bureau (from source table P001).</attrdef><attrdefs>US Census Bureau</attrdefs></attr><attr xmlns=""><attrlabl Sync="TRUE">POP2010</attrlabl><attalias Sync="TRUE">POP2010</attalias><attrtype Sync="TRUE">Integer</attrtype><attwidth Sync="TRUE">9</attwidth><atprecis Sync="TRUE">9</atprecis><attscale Sync="TRUE">0</attscale><attrdef>The 2010 census population count as reported by the US Census Bureau (from source table P1).  All records included in this dataset have a 2000 census count.</attrdef><attrdefs>US Census Bureau</attrdefs></attr><attr xmlns=""><attrlabl Sync="TRUE">POP_EST</attrlabl><attalias Sync="TRUE">POP_EST</attalias><attrtype Sync="TRUE">Integer</attrtype><attwidth Sync="TRUE">9</attwidth><atprecis Sync="TRUE">9</atprecis><attscale Sync="TRUE">0</attscale><attrdef>The population count estimate as reported by the US Census Bureau (from source table PEPANNRES).</attrdef><attrdefs>US Census Bureau</attrdefs></attr><attr xmlns=""><attrlabl Sync="TRUE">POP_EST_YR</attrlabl><attalias Sync="TRUE">POP_EST_YR</attalias><attrtype Sync="TRUE">Integer</attrtype><attwidth Sync="TRUE">9</attwidth><atprecis Sync="TRUE">9</atprecis><attscale Sync="TRUE">0</attscale><attrdef>The year for which the POP_EST value is applicable.</attrdef><attrdefs>US Census Bureau</attrdefs></attr></detailed></eainfo><mdDateSt Sync="TRUE">20130815</mdDateSt><mdChar><CharSetCd value="004"></CharSetCd></mdChar></metadata>
